,eval_loss,eval_accuracy,eval_precision,eval_recall,eval_fbeta_score,eval_runtime,eval_samples_per_second,eval_steps_per_second,epoch,run_name,model_name,run_num,technique,dataset_config,run_time
0,1.2975313663482666,0.7325826882477129,0.7386604591725187,0.7325826882477129,0.7277732101641534,3.4705,409.448,25.645,8.0,./pretrained/distilbert-base-uncased-tweet_eval_emotion_qcpgpp,distilbert-base-uncased,0,qcpgpp,"['tweet_eval', 'emotion']",742.528562784195
1,1.2624317407608032,0.7579169598874033,0.7627617613886605,0.7579169598874033,0.7574945696593922,3.3508,424.08,26.561,6.99,./pretrained/distilbert-base-uncased-tweet_eval_emotion_textdiv,distilbert-base-uncased,0,textdiv,"['tweet_eval', 'emotion']",1495.7765009403229
2,0.8637298345565796,0.7508796622097115,0.7546204402999016,0.7508796622097115,0.7433805211499647,3.2537,436.736,27.354,7.0,./pretrained/distilbert-base-uncased-tweet_eval_emotion_qcpgpp,distilbert-base-uncased,1,qcpgpp,"['tweet_eval', 'emotion']",661.7597815990448
3,1.354645013809204,0.7628430682617875,0.7638816200309092,0.7628430682617875,0.7604949101756314,3.2538,436.727,27.353,6.99,./pretrained/distilbert-base-uncased-tweet_eval_emotion_textdiv,distilbert-base-uncased,1,textdiv,"['tweet_eval', 'emotion']",1503.0396988391876
4,2.098710536956787,0.7403237156931738,0.7469380384235736,0.7403237156931738,0.7370190194731733,3.2573,436.246,27.323,10.0,./pretrained/distilbert-base-uncased-tweet_eval_emotion_qcpgpp,distilbert-base-uncased,2,qcpgpp,"['tweet_eval', 'emotion']",938.6542189121246
5,1.2022420167922974,0.7663617171006334,0.7765077029847868,0.7663617171006334,0.7645557388986721,3.5924,395.56,24.775,6.99,./pretrained/distilbert-base-uncased-tweet_eval_emotion_textdiv,distilbert-base-uncased,2,textdiv,"['tweet_eval', 'emotion']",1500.0355777740479
